created_at,favorite_count,geo,lang,retweet_count,screen_name,source,text,user
2018-12-07 04:31:22,0.0,,en,1.0,BestLootDeal,Twitter for Android,"RT @BestLootDeal: Mega Savings on Grocery https://t.co/HLn2WlybXp 

Steal 1 Rupee LOOT deals  #Flipkart #BigShoppingDays https://t.co/ZaIRs‚Ä¶",Deals & Discounts
2018-12-07 04:31:01,0.0,,en,0.0,Dealsdekhodeals,Buffer,"Woman Jewelery Deals 

https://t.co/hOCtqXaNGx 

#amazon #shopping #Offer #FlipKart #jewellery https://t.co/5xlDea9LKi",Deals Dekho Deals
2018-12-07 04:29:00,0.0,,en,0.0,HRatandhayra,Twitter for Android,"#Flipkart #vs #Amazon
üî∞ Bluetooth Headset Compatible Android Headset 
 ‚ùå WAS  ‡§∞‡•Ç 1,299.00
 ‚úÖ NOW  ‡§∞‡•Ç 244.00
 üõí SAVE‚Ä¶ https://t.co/JCgRQl3Sbh",Hitarth_Ratandhayra
2018-12-07 04:25:13,0.0,,en,0.0,Rituraj25593022,Twitter Lite,"Can you deliver this product on time?
I have ordered this product multiple tym nd last tym u canceled by urslf.Nd t‚Ä¶ https://t.co/zmPOoU0OYW",Rituraj Singh
2018-12-07 04:00:59,1.0,,te,0.0,oneindiatelugu,Oneindia Telugu,‡∞π‡∞æ‡∞®‡∞∞‡±ç ‡∞´‡±ã‡∞®‡±ç‡∞≤‡∞™‡±à ‡∞Ö‡∞¶‡∞ø‡∞∞‡∞ø‡∞™‡±ã‡∞Ø‡±á ‡∞°‡∞ø‡∞∏‡±ç‡∞ï‡±å‡∞Ç‡∞ü‡±ç‡∞≤‡±Å https://t.co/XFjqwV1UJv #news #technology #honor #flipkart #‡∞®‡±ç‡∞Ø‡±Ç‡∞∏‡±ç #‡∞ü‡±Ü‡∞ï‡±ç‡∞®‡∞æ‡∞≤‡∞ú‡±Ä‚Ä¶ https://t.co/k6CyJ5Wh0g,Oneindia Telugu
2018-12-07 04:00:58,0.0,,te,0.0,GizbotTelugu,Gizbot Telugu,‡∞π‡∞æ‡∞®‡∞∞‡±ç ‡∞´‡±ã‡∞®‡±ç‡∞≤‡∞™‡±à ‡∞Ö‡∞¶‡∞ø‡∞∞‡∞ø‡∞™‡±ã‡∞Ø‡±á ‡∞°‡∞ø‡∞∏‡±ç‡∞ï‡±å‡∞Ç‡∞ü‡±ç‡∞≤‡±Å https://t.co/dyZzJcVLGz #news #technology #honor #flipkart #‡∞®‡±ç‡∞Ø‡±Ç‡∞∏‡±ç #‡∞ü‡±Ü‡∞ï‡±ç‡∞®‡∞æ‡∞≤‡∞ú‡±Ä‚Ä¶ https://t.co/XLETZxtgxs,Gizbot Telugu
2018-12-07 03:55:52,0.0,,en,0.0,cash_sutra,Twitter for Android,"Flipkart
Big Shopping Days
Exciting new deals after every 8 hours.
.
#cashsutra #flipkart #deals #offers #discount‚Ä¶ https://t.co/v80OJ9dUKc",CashSutra
2018-12-07 03:50:13,0.0,,en,0.0,FlashSaleTricks,Twitter Web Client,[Day 2] Big Shopping Days - Pigeon Radiance Emergency Light  (Red) for Just Rs 299 #Flipkart https://t.co/k5e3l1Ynwk,FlashSaleTricks
2018-12-07 03:46:34,0.0,,ta,0.0,kumaranthambi,Twitter Lite,‡Æá‡Æ§‡ØÅ‡Æï‡Øç‡Æï‡ØÅ ‡Æ™‡Æ§‡Æø‡Æ≤‡Øá ‡Æö‡Øä‡Æ≤‡Øç‡Æ≤ ‡ÆÆ‡ØÅ‡Æü‡Æø‡ÆØ‡Ææ‡Æ§‡ØÅ #Flipkart #Amazon https://t.co/wFvshCxRx9,kumaran thambi
2018-12-07 03:21:38,1.0,,en,1.0,Amazedealscart,Twitter for Android,Friends #January2019 nunchi baaga active gaa vunta rozu kottha #deals and #offers post chestha nacchithe follow avv‚Ä¶ https://t.co/WHHGgO8CGP,Amazedealscart
2018-12-07 03:14:40,0.0,,en,0.0,AnujUnDeFiNeD,Twitter for Android,Without taking my concern #Flipkart  @Flipkart cancelled my order and don't giving logical reason for the same‚Ä¶ https://t.co/y9qMISXp6k,Anuj Jain
2018-12-07 02:31:02,0.0,,en,10.0,Sravslucky,Twitter for Android,RT @MaheshBabu_UF: #Flipkart ad shoot @urstrulyMahesh https://t.co/wFjdYmdzxm,Sravya_Maheshian üòç
2018-12-07 02:21:10,0.0,,en,24.0,pardhu5_,Twitter for Android,RT @lakshmipavani76: SuperStar @urstrulyMahesh #Flipkart ‚ù§‚ù§‚ù§ https://t.co/7DIk4dw9jF,G pardhu
2018-12-07 01:54:28,0.0,,en,0.0,TheTunafo,Instagram,"#Pixel #PowerUps on #Flipkart Gives You Rs. 7,000 Discount on #GooglePixel3

#technews #techdevices #AndroidDevices‚Ä¶ https://t.co/IPq57sx7MJ",Tunafo
2018-12-07 01:07:40,0.0,,en,0.0,SmotherWithKiss,Twitter for Android,"This is what u miss in online shopping. 

#onlinebusiness #onlineshopping #Amazon #Flipkart #snapdeal #infibeam‚Ä¶ https://t.co/fH3e07quDO",Gauraf'üíñ
2018-12-06 23:38:01,0.0,,en,24.0,sweetymahi9,Twitter for Android,RT @lakshmipavani76: SuperStar @urstrulyMahesh #Flipkart ‚ù§‚ù§‚ù§ https://t.co/7DIk4dw9jF,sweety mahi
2018-12-06 22:12:00,0.0,,en,0.0,_vermaji,Twitter for Android,"Participate in Guess What? on Flipkart and exciting rewards. #flipkart #guesswhat #gamezone #BigShoppingDays
https://t.co/X15BuRvFpY",Verma jiüáÆüá≥
2018-12-06 21:09:06,0.0,,en,0.0,harveensachdeva,Twitter for Android,"Participate in Guess What? on Flipkart and exciting rewards. #flipkart #guesswhat #gamezone #BigShoppingDays
https://t.co/tizqohuRVn",Harveen Kaur
2018-12-06 20:52:33,1.0,,en,0.0,TechWhoosh,Twitter for Android,"This is huge!
-
#techwhoosh #love #mobile #xiaomi #poco #f1 #iphone #picoftheday #women #hot #men #girls #disney‚Ä¶ https://t.co/GxPypKkud0",Tech Whoosh
2018-12-06 20:00:24,0.0,,en,2.0,Techglares,Twitter for iPhone,"RT @Techglares: Branded Safari Trolley Bags at Min 70% Off.

Link : https://t.co/z2sIw7SJ8z

#Flipkart #Deals",TechGlare Deals
2018-12-06 20:00:21,0.0,,en,1.0,Techglares,Twitter for iPhone,"RT @Techglares: Powerbanks Starting at Just Rs.499.

Link : https://t.co/bFEh2C75p8

#Flipkart #Deals",TechGlare Deals
2018-12-06 20:00:14,0.0,,en,2.0,Techglares,Twitter for iPhone,"RT @Techglares: Women‚Äôs Printed Anarkali Kurta at Just Rs.461.

MRP : Rs.2,199.

Link : https://t.co/hV3NUgGuqf

#Flipkart #Deals",TechGlare Deals
2018-12-06 20:00:04,0.0,,en,1.0,Techglares,Twitter for iPhone,"RT @Techglares: Mivi 6 Feet Nylon Braided USB Cable at Just Rs.179.

MRP : Rs.799.

Link : https://t.co/WHRLgbKSqR

#Flipkart #Deals",TechGlare Deals
2018-12-06 19:59:59,0.0,,en,3.0,Techglares,Twitter for iPhone,"RT @Techglares: Marvel Classic Mighty Mugs at Just Rs.499.

Link : https://t.co/MnDstHJCHc

#Flipkart #Deals",TechGlare Deals
2018-12-06 19:59:48,0.0,,en,1.0,Techglares,Twitter for iPhone,"RT @Techglares: Good Deal : 

Refrigerators at Minimum 30% Off.

Extra 10% Off With HDFC Cards.

Link : https://t.co/sFuHlyjblf

#Flipkart‚Ä¶",TechGlare Deals
2018-12-06 19:59:28,0.0,,en,1.0,Techglares,Twitter for iPhone,"RT @Techglares: IFB 30L Microwave Oven at Just Rs.10,490.

Link : https://t.co/0wGppgNoYE

#Flipkart #Deals",TechGlare Deals
2018-12-06 19:59:27,0.0,,en,5.0,Techglares,Twitter for iPhone,"RT @Techglares: Hot Muggs with Names at Just Rs.99.

Link : https://t.co/T3i6Y5Qwxg

#Flipkart #Deals",TechGlare Deals
2018-12-06 19:59:16,0.0,,en,2.0,Techglares,Twitter for iPhone,"RT @Techglares: MarQ by Flipkart 7.5 KG Fully Automatic Washing Machine at Just Rs.16,499.*l

MRP : Rs.33,999.

Link : https://t.co/dn3t3th‚Ä¶",TechGlare Deals
2018-12-06 19:59:07,0.0,,en,3.0,Techglares,Twitter for iPhone,"RT @Techglares: Branded Trolley Suitcases at Minimum 70% Off.

Link : https://t.co/RD6p8VYcDC

#Flipkart #flipkartoffers",TechGlare Deals
2018-12-06 19:59:02,0.0,,en,3.0,Techglares,Twitter for iPhone,"RT @Techglares: SkullCandy Anti Headphones at Just Rs.699.

MRP : Rs.1,999.

Link : https://t.co/52fHbdYAiq

#Flipkart #Deals",TechGlare Deals
2018-12-06 19:59:00,0.0,,en,1.0,Techglares,Twitter for iPhone,"RT @Techglares: F Gear 25 L BackPack at Just Rs.898.

Link : https://t.co/4nX5RMY8kO

#Flipkart #Deals",TechGlare Deals
2018-12-06 19:33:10,0.0,,en,0.0,dharmiksheth,Twitter for Android,@Flipkart So this is what #flipkart Flipkart does during their sale. Lol. Stop fooling people in the name of sale.‚Ä¶ https://t.co/hmAKI1xuRp,Dharmik Sheth
2018-12-06 19:31:30,0.0,,en,0.0,shobhits89,Twitter Web Client,"Participate in Guess What? on Flipkart and win TVs. mobiles, headphones and more. #flipkart #gamezone #guesswhat‚Ä¶ https://t.co/uk8JCqcbEs",Shobhit Shukla
2018-12-06 19:17:07,1.0,,en,0.0,Techglares,Twitter for iPhone,"Women‚Äôs Sling Bags at Minimum 70% Off.

Link : https://t.co/YHOApIgu6g

#Flipkart #Deals",TechGlare Deals
2018-12-06 19:04:12,1.0,,en,0.0,Techglares,Twitter for iPhone,"SkullCandy Bluetooth Headphones at Just Rs.2,499.

Link : https://t.co/V2B71aW2Sv

#Flipkart #Deals",TechGlare Deals
2018-12-06 19:03:45,0.0,,en,0.0,toposant55,Twitter Web Client,@gadgetbridge Ready For #Flipkart #BigShoppingDays,Priyadarshi Das
2018-12-06 19:01:18,0.0,,en,1.0,RomiG157,Twitter for Android,"RT @BrochureLive: It's All Under ‚Çπ499 during #BigShoppingDays at #Flipkart 
Shop Now üëâ https://t.co/4DEqfTk2O7

#flipkartoffers #EarnExtraC‚Ä¶",#sleepypanda
2018-12-06 18:58:24,0.0,,en,1.0,touchdownbot,touchdownbotapp,"RT @varunkumarracer: Buy Silver Bar For ‚Çπ 36,000/kg @flipkart @desidime #deals #flipkart #bullion #coin #bar #silver #touchdown https://t.c‚Ä¶",Touchdown Bot
2018-12-06 18:48:31,1.0,,en,1.0,varunkumarracer,Google,"Buy Silver Bar For ‚Çπ 36,000/kg @flipkart @desidime #deals #flipkart #bullion #coin #bar #silver #touchdown https://t.co/WRBS9rYWhS",youngmetalstacker
2018-12-06 18:39:45,0.0,,en,0.0,pareshtuna,Twitter for Android,@flipkartsupport #flipkart fraud activity,Paresh Sahoo
2018-12-06 18:11:57,0.0,,en,0.0,toposant55,Twitter Web Client,@TheMrPhone Wow Ready For #Flipkart #BigShoppingDays,Priyadarshi Das
2018-12-06 18:11:41,3.0,,en,0.0,Techglares,Twitter for iPhone,"Samsung 212 L Single Door Refrigerator at Just Rs.14,390.

Link : https://t.co/ErBkcjoUcD

#Flipkart #Deals",TechGlare Deals
2018-12-06 18:00:56,0.0,,en,0.0,GrabBuddyIn,Twitter Web Client,"@Flipkart Big Shopping Days ‚Äì 6th-8th DecüéÅ
Grab Now! https://t.co/K6mdMFzpGY
Install GrabBuddy App Now‚Ä¶ https://t.co/G2dR7DFSk9",GrabBuddy
2018-12-06 17:52:19,0.0,,en,0.0,sriki06,Twitter for Android,"Explore the best deals from Headphones and Speakers on #BigShoppingDays #flipkart #guesswhat #gamezone
https://t.co/twlInLFQI5",Srikrishna Ardhanari
2018-12-06 17:51:24,0.0,,en,2.0,Techglares,Twitter for iPhone,"RT @Techglares: Designer Mobiles Cases Starting at Just Rs.108.

Link : https://t.co/BbP8hMSJpk

#Flipkart #Deals",TechGlare Deals
2018-12-06 17:51:11,0.0,,en,2.0,Techglares,Twitter for iPhone,"RT @Techglares: Men‚Äôs Ethnic Kurtas at Upto 80% Off.

Link : https://t.co/DVnIu5qUrI

#Flipkart #Deals",TechGlare Deals
2018-12-06 17:51:04,0.0,,en,2.0,Techglares,Twitter for iPhone,"RT @Techglares: Women‚Äôs Kurtis at Min 80% Off.

Link : https://t.co/Kv9fWbE7tW

#Flipkart #Deals",TechGlare Deals
2018-12-06 17:51:00,0.0,,en,4.0,Techglares,Twitter for iPhone,"RT @Techglares: SoundLogic Dhoni Edition Bluetooth Earphones at Just Rs.1,499.

Link : https://t.co/RVIo3Z2ujo

#Flipkart #Deals",TechGlare Deals
2018-12-06 17:50:55,0.0,,en,2.0,Techglares,Twitter for iPhone,"RT @Techglares: Men‚Äôs T Shirt Starting at Just Rs.149.

Link : https://t.co/fKwQbvnrlA

#Flipkart #Deals",TechGlare Deals
2018-12-06 17:50:46,0.0,,en,4.0,Techglares,Twitter for iPhone,"RT @Techglares: Perfumes at just Rs.95.

Link : https://t.co/WPwcKnawPf

#Flipkart #Deals",TechGlare Deals
2018-12-06 17:50:38,0.0,,en,2.0,Techglares,Twitter for iPhone,"RT @Techglares: Branded Women‚Äôs Clothing Starting at Just Rs.186.

Link : https://t.co/uw3eu5WXnV

#Flipkart #Deals",TechGlare Deals
2018-12-06 17:50:37,0.0,,en,2.0,Techglares,Twitter for iPhone,"RT @Techglares: Laptops at Upto 45% Off.

Link : https://t.co/f6y3VADRiQ

#Flipkart #Deals",TechGlare Deals
2018-12-06 17:50:26,0.0,,en,2.0,Techglares,Twitter for iPhone,"RT @Techglares: STEAL DEAL : 

Buy 1 Get 1 Free on Flipkart Grocery.

Link : https://t.co/FmpfDnkhlw

#Flipkart #flipkartoffers",TechGlare Deals
2018-12-06 17:50:24,0.0,,en,4.0,Techglares,Twitter for iPhone,"RT @Techglares: Moto X4 at Just Rs.10,999.

Extra 10% Off With HDFC Cards.

Link : https://t.co/I7f3wU5bkn

#Flipkart #FlipkartOffers",TechGlare Deals
2018-12-06 17:45:53,0.0,,en,9.0,AAKRI,Twitter for Android,"RT @moneycontrolcom: French #television brand #Thomson, which had entered India through an exclusive partnership with #Flipkart, will inves‚Ä¶",Aakriti Sohal
2018-12-06 17:45:36,0.0,,hi,0.0,Inkhabar,Twitter Web Client,"‡§´‡•ç‡§≤‡§ø‡§™‡§ï‡§æ‡§∞‡•ç‡§ü ‡§¨‡§ø‡§ó ‡§∂‡•â‡§™‡§ø‡§Ç‡§ó ‡§°‡•á ‡§∏‡•á‡§≤ ‡§∂‡•Å‡§∞‡•Ç, ‡§∏‡•ç‡§Æ‡§æ‡§∞‡•ç‡§ü‡§´‡•ã‡§® ‡§™‡§∞ ‡§Æ‡§ø‡§≤ ‡§∞‡§π‡•Ä ‡§≠‡§æ‡§∞‡•Ä ‡§õ‡•Ç‡§ü
https://t.co/YYWCyW18T4
#Flipkart #flipkartoffers",InKhabar
2018-12-06 17:40:18,0.0,,en,51.0,JaganNeteti,Twitter for Android,RT @Keshav4005: #Flipkart ad shoot @urstrulyMahesh üòé https://t.co/bhYynVVd1P,jagan neteti
2018-12-06 17:30:24,4.0,,en,1.0,Techglares,Twitter for iPhone,"Powerbanks Starting at Just Rs.499.

Link : https://t.co/bFEh2C75p8

#Flipkart #Deals",TechGlare Deals
